FirstName,LastName,Phone,Account.IdExterno__c,Email
Naëlle,Moxley,721-995-5912,27-873-9156,nmoxley@sample.com
Táng,Frayn,916-101-6117,27-873-9156,ftang@sample.com
Angélique,Gouge,840-278-3301,38-711-2246,angelique.gouge@sample.com
Bécassine,Warcop,168-189-6160,38-711-2246,becassine.warcop@sample.com
Cunégonde,Ditzel,949-197-1139,38-711-2246,cunegonde.ditzel@sample.com
Maéna,Di Antonio,856-897-0735,38-711-2246,maenadiantonio@sample.com
Régine,Jeacock,127-578-0231,34-261-5691,jeacock@sample.com
Gwenaëlle,Sperring,610-906-3240,34-261-5691,sperring@sample.com
Åslög,Kohnen,327-804-6091,25-788-7711,kohnen@sample.com
Börje,Coffin,525-648-3309,83-597-1745,coffin@sample.com
Andréa,Hurich,361-497-0416,83-597-1745,huriche@sample.com
Audréanne,Glandfield,247-895-6653,41-599-6479,glandfield@sample.com
Géraldine,Losebie,635-366-3837,93-697-1490,losebie@sample.com
Léana,Boag,572-220-2467,83-478-3366,boag@sample.com
Chloé,Jodrellec,883-145-4169,83-478-3366,jodrellec@sample.com
Léonore,Horsell,242-372-7999,96-975-9960,horsell@sample.com
Kallisté,Antonio,285-353-6290,68-940-1440,antoniok@sample.com
Táng,MacIntyre,981-241-1422,71-834-7907,mackintyret@sample.com
Mégane,Noir,939-294-2503,68-640-1957,megane@sample.com
Marie-françoise,Harms,253-815-8035,12-194-8690,mfharms@sample.com
Marie-thérèse,Cathrall,627-812-9688,73-330-7649,mtcathrall@sample.com
Mélodie,Kempshall,377-758-8543,70-774-8209,mkempshall@sample.com
Maëlle,Carrabott,274-590-9342,48-130-1245,mcarrabot@sample.com